<channel version="4.5.2">
  <id>803af874-d4df-4280-858d-f8a4b3c645a4</id>
  <nextMetaDataId>4</nextMetaDataId>
  <name>CH_recibeORM_JSON</name>
  <description></description>
  <revision>18</revision>
  <sourceConnector version="4.5.2">
    <metaDataId>0</metaDataId>
    <name>sourceConnector</name>
    <properties class="com.mirth.connect.connectors.http.HttpReceiverProperties" version="4.5.2">
      <pluginProperties>
        <com.mirth.connect.plugins.httpauth.NoneHttpAuthProperties version="4.5.2">
  <authType>NONE</authType>
        </com.mirth.connect.plugins.httpauth.NoneHttpAuthProperties>
      </pluginProperties>
      <listenerConnectorProperties version="4.5.2">
        <host>0.0.0.0</host>
        <port>8082</port>
      </listenerConnectorProperties>
      <sourceConnectorProperties version="4.5.2">
        <responseVariable>None</responseVariable>
        <respondAfterProcessing>true</respondAfterProcessing>
        <processBatch>false</processBatch>
        <firstResponse>false</firstResponse>
        <processingThreads>1</processingThreads>
        <resourceIds class="linked-hash-map">
          <entry>
            <string>Default Resource</string>
            <string>[Default Resource]</string>
          </entry>
        </resourceIds>
        <queueBufferSize>1000</queueBufferSize>
      </sourceConnectorProperties>
      <xmlBody>false</xmlBody>
      <parseMultipart>true</parseMultipart>
      <includeMetadata>false</includeMetadata>
      <binaryMimeTypes>application/.*(?&lt;!json|xml)$|image/.*|video/.*|audio/.*</binaryMimeTypes>
      <binaryMimeTypesRegex>true</binaryMimeTypesRegex>
      <responseContentType>text/plain</responseContentType>
      <responseDataTypeBinary>false</responseDataTypeBinary>
      <responseStatusCode>${statusCode}</responseStatusCode>
      <responseHeaders class="linked-hash-map"/>
      <responseHeadersVariable></responseHeadersVariable>
      <useResponseHeadersVariable>false</useResponseHeadersVariable>
      <charset>UTF-8</charset>
      <contextPath>/createOrder</contextPath>
      <timeout>30000</timeout>
      <staticResources/>
    </properties>
    <transformer version="4.5.2">
      <elements/>
      <inboundTemplate encoding="base64"></inboundTemplate>
      <outboundTemplate encoding="base64"></outboundTemplate>
      <inboundDataType>JSON</inboundDataType>
      <outboundDataType>XML</outboundDataType>
      <inboundProperties class="com.mirth.connect.plugins.datatypes.json.JSONDataTypeProperties" version="4.5.2">
        <batchProperties class="com.mirth.connect.plugins.datatypes.json.JSONBatchProperties" version="4.5.2">
          <splitType>JavaScript</splitType>
          <batchScript></batchScript>
        </batchProperties>
      </inboundProperties>
      <outboundProperties class="com.mirth.connect.plugins.datatypes.xml.XMLDataTypeProperties" version="4.5.2">
        <serializationProperties class="com.mirth.connect.plugins.datatypes.xml.XMLSerializationProperties" version="4.5.2">
          <stripNamespaces>false</stripNamespaces>
        </serializationProperties>
        <batchProperties class="com.mirth.connect.plugins.datatypes.xml.XMLBatchProperties" version="4.5.2">
          <splitType>Element_Name</splitType>
          <elementName></elementName>
          <level>1</level>
          <query></query>
          <batchScript></batchScript>
        </batchProperties>
      </outboundProperties>
    </transformer>
    <filter version="4.5.2">
      <elements>
        <com.mirth.connect.plugins.javascriptrule.JavaScriptRule version="4.5.2">
          <name>metodo</name>
          <sequenceNumber>0</sequenceNumber>
          <enabled>true</enabled>
          <script>var method = sourceMap.get(&apos;method&apos;);
//logger.info(method)
if( method == &quot;POST&quot;){
	logger.info(&apos;entraste metodo POST&apos;);


	//responseMap.put(&apos;Content-Type&apos;, &apos;application/json&apos;);
	var statusCode = &quot;200&quot;;
	
	channelMap.put(&quot;statusCode&quot;, statusCode);
	//responseMap.put(&apos;message&apos;,&apos;authorized Method.&apos;);
	//responseMap.put(&quot;statusCode&quot;, statusCode);

	logger.info(&quot;estatusCode: &quot; +$(&apos;statusCode&apos;));
	
	return true;	
}

	var statusCode = &quot;405&quot;;

	//responseMap.put(&apos;Content-Type&apos;, &apos;application/json&apos;)
	
	channelMap.put(&quot;statusCode&quot;, statusCode);
	//responseMap.put(&apos;error&apos;,&apos;Only post requests are allowed.&apos;)
	//responseMap.put(&quot;statusCode&quot;, statusCode);

logger.info(&quot;estatusCode: &quot; +$(&apos;statusCode&apos;));
return false;</script>
        </com.mirth.connect.plugins.javascriptrule.JavaScriptRule>
        <com.mirth.connect.plugins.javascriptrule.JavaScriptRule version="4.5.2">
          <name>token bearer</name>
          <sequenceNumber>1</sequenceNumber>
          <enabled>true</enabled>
          <operator>AND</operator>
          <script>var headers = sourceMap.get(&apos;headers&apos;);
var apiKey = &quot;Bearer 123456&quot;;
const authHeader = headers ? headers.get(&apos;Authorization&apos;): null;

if(authHeader !== null){
	authHeader = String(authHeader).trim();
}

logger.info(&quot;authHeader&quot; + authHeader);
logger.info(&quot;apiKey&quot; + apiKey);

	if(authHeader == apiKey){

		var statusCode = &quot;200&quot;;
	
		//responseMap.put(&apos;Content-Type&apos;, &apos;application/json&apos;)
		//responseMap.put(&quot;message&quot;,&quot;authorized request!&quot;);
		channelMap.put(&quot;statusCode&quot;, statusCode);
		
		//responseMap.put(&quot;statusCode&quot;, statusCode);

		logger.info(&quot;estatusCode: &quot; +$(&apos;statusCode&apos;));
		return true;
		
	}

	var statusCode = &quot;403&quot;;
	//responseMap.put(&apos;Content-Type&apos;, &apos;application/json&apos;)
	//responseMap.put(&quot;error&quot;,&quot;Invalid token!&quot;);
	channelMap.put(&quot;statusCode&quot;, statusCode);
	
	//responseMap.put(&quot;statusCode&quot;, statusCode);

logger.info(&quot;estatusCode: &quot; +$(&apos;statusCode&apos;));
return false;</script>
        </com.mirth.connect.plugins.javascriptrule.JavaScriptRule>
      </elements>
    </filter>
    <transportName>HTTP Listener</transportName>
    <mode>SOURCE</mode>
    <enabled>true</enabled>
    <waitForPrevious>true</waitForPrevious>
  </sourceConnector>
  <destinationConnectors>
    <connector version="4.5.2">
      <metaDataId>3</metaDataId>
      <name>Rotea_JSON</name>
      <properties class="com.mirth.connect.connectors.vm.VmDispatcherProperties" version="4.5.2">
        <pluginProperties/>
        <destinationConnectorProperties version="4.5.2">
          <queueEnabled>false</queueEnabled>
          <sendFirst>false</sendFirst>
          <retryIntervalMillis>10000</retryIntervalMillis>
          <regenerateTemplate>false</regenerateTemplate>
          <retryCount>0</retryCount>
          <rotate>false</rotate>
          <includeFilterTransformer>false</includeFilterTransformer>
          <threadCount>1</threadCount>
          <threadAssignmentVariable></threadAssignmentVariable>
          <validateResponse>false</validateResponse>
          <resourceIds class="linked-hash-map">
            <entry>
              <string>Default Resource</string>
              <string>[Default Resource]</string>
            </entry>
          </resourceIds>
          <queueBufferSize>1000</queueBufferSize>
          <reattachAttachments>true</reattachAttachments>
        </destinationConnectorProperties>
        <channelId>0e9a3c07-699f-4118-8f6e-2aa015ebbd00</channelId>
        <channelTemplate>${message.encodedData}</channelTemplate>
        <mapVariables/>
      </properties>
      <transformer version="4.5.2">
        <elements/>
        <inboundDataType>XML</inboundDataType>
        <outboundDataType>XML</outboundDataType>
        <inboundProperties class="com.mirth.connect.plugins.datatypes.xml.XMLDataTypeProperties" version="4.5.2">
          <serializationProperties class="com.mirth.connect.plugins.datatypes.xml.XMLSerializationProperties" version="4.5.2">
            <stripNamespaces>false</stripNamespaces>
          </serializationProperties>
          <batchProperties class="com.mirth.connect.plugins.datatypes.xml.XMLBatchProperties" version="4.5.2">
            <splitType>Element_Name</splitType>
            <elementName></elementName>
            <level>1</level>
            <query></query>
            <batchScript></batchScript>
          </batchProperties>
        </inboundProperties>
        <outboundProperties class="com.mirth.connect.plugins.datatypes.xml.XMLDataTypeProperties" version="4.5.2">
          <serializationProperties class="com.mirth.connect.plugins.datatypes.xml.XMLSerializationProperties" version="4.5.2">
            <stripNamespaces>false</stripNamespaces>
          </serializationProperties>
          <batchProperties class="com.mirth.connect.plugins.datatypes.xml.XMLBatchProperties" version="4.5.2">
            <splitType>Element_Name</splitType>
            <elementName></elementName>
            <level>1</level>
            <query></query>
            <batchScript></batchScript>
          </batchProperties>
        </outboundProperties>
      </transformer>
      <responseTransformer version="4.5.2">
        <elements/>
        <inboundDataType>XML</inboundDataType>
        <outboundDataType>XML</outboundDataType>
        <inboundProperties class="com.mirth.connect.plugins.datatypes.xml.XMLDataTypeProperties" version="4.5.2">
          <serializationProperties class="com.mirth.connect.plugins.datatypes.xml.XMLSerializationProperties" version="4.5.2">
            <stripNamespaces>false</stripNamespaces>
          </serializationProperties>
          <batchProperties class="com.mirth.connect.plugins.datatypes.xml.XMLBatchProperties" version="4.5.2">
            <splitType>Element_Name</splitType>
            <elementName></elementName>
            <level>1</level>
            <query></query>
            <batchScript></batchScript>
          </batchProperties>
        </inboundProperties>
        <outboundProperties class="com.mirth.connect.plugins.datatypes.xml.XMLDataTypeProperties" version="4.5.2">
          <serializationProperties class="com.mirth.connect.plugins.datatypes.xml.XMLSerializationProperties" version="4.5.2">
            <stripNamespaces>false</stripNamespaces>
          </serializationProperties>
          <batchProperties class="com.mirth.connect.plugins.datatypes.xml.XMLBatchProperties" version="4.5.2">
            <splitType>Element_Name</splitType>
            <elementName></elementName>
            <level>1</level>
            <query></query>
            <batchScript></batchScript>
          </batchProperties>
        </outboundProperties>
      </responseTransformer>
      <filter version="4.5.2">
        <elements/>
      </filter>
      <transportName>Channel Writer</transportName>
      <mode>DESTINATION</mode>
      <enabled>true</enabled>
      <waitForPrevious>true</waitForPrevious>
    </connector>
  </destinationConnectors>
  <preprocessingScript>// Modify the message variable below to pre process data
return message;</preprocessingScript>
  <postprocessingScript>// This script executes once after a message has been processed
// Responses returned from here will be stored as &quot;Postprocessor&quot; in the response map
return;</postprocessingScript>
  <deployScript>// This script executes once when the channel is deployed
// You only have access to the globalMap and globalChannelMap here to persist data
return;</deployScript>
  <undeployScript>// This script executes once when the channel is undeployed
// You only have access to the globalMap and globalChannelMap here to persist data
return;</undeployScript>
  <properties version="4.5.2">
    <clearGlobalChannelMap>true</clearGlobalChannelMap>
    <messageStorageMode>PRODUCTION</messageStorageMode>
    <encryptData>false</encryptData>
    <encryptAttachments>false</encryptAttachments>
    <encryptCustomMetaData>false</encryptCustomMetaData>
    <removeContentOnCompletion>false</removeContentOnCompletion>
    <removeOnlyFilteredOnCompletion>false</removeOnlyFilteredOnCompletion>
    <removeAttachmentsOnCompletion>false</removeAttachmentsOnCompletion>
    <initialState>STARTED</initialState>
    <storeAttachments>true</storeAttachments>
    <metaDataColumns>
      <metaDataColumn>
        <name>SOURCE</name>
        <type>STRING</type>
        <mappingName>mirth_source</mappingName>
      </metaDataColumn>
      <metaDataColumn>
        <name>TYPE</name>
        <type>STRING</type>
        <mappingName>mirth_type</mappingName>
      </metaDataColumn>
    </metaDataColumns>
    <attachmentProperties version="4.5.2">
      <type>None</type>
      <properties/>
    </attachmentProperties>
    <resourceIds class="linked-hash-map">
      <entry>
        <string>Default Resource</string>
        <string>[Default Resource]</string>
      </entry>
    </resourceIds>
  </properties>
  <exportData>
    <metadata>
      <enabled>true</enabled>
      <lastModified>
        <time>1747752916314</time>
        <timezone>America/La_Paz</timezone>
      </lastModified>
      <pruningSettings>
        <archiveEnabled>true</archiveEnabled>
        <pruneErroredMessages>false</pruneErroredMessages>
      </pruningSettings>
      <userId>1</userId>
    </metadata>
  </exportData>
</channel>